case_id,no_perkara,tanggal_putusan,pengadilan,jenis_perkara,pasal,terdakwa,amar_putusan,ringkasan_fakta,argumen_hukum,sumber_url,raw_file,jumlah_kata,text_full
case_001,2184/PID.B/2013/PN.TNG,07-01-2014,PN Tangerang,Pidana Umum - Pencurian,,,,"bahwa Anda bukan bot.
Ray ID: a0ecb0eb2e05ea7f
Performa dan Keamanan dari Cloudflare
Privasi",,https://putusan3.mahkamahagung.go.id/direktori/putusan/920f583c6a4c4c1e857abd142bcaae4c.html,case_001.txt,33,"putusan3.mahkamahagung.go.id
Melakukan verifikasi keamanan
Situs web menggunakan layanan keamanan untuk melindungi dari bot jahat. Halaman ini ditunjukkan semasa kami memverifikasi bahwa Anda bukan bot.
Ray ID: a0ecb0eb2e05ea7f
Performa dan Keamanan dari Cloudflare
Privasi"
case_002,1671/Pid.B/2021/PN.Tng,18-10-2021,PN Tangerang,Pidana Umum - Pencurian,,,,"bahwa Anda adalah manusia. Ini dapat memerlukan waktu beberapa detik.
Situs web menggunakan layanan keamanan untuk melindungi dari bot jahat. Halaman ini ditunjukkan semasa kami memverifikasi bahwa Anda bukan bot.
Ray ID: a0ecb11ae88be77e
Performa dan Keamanan dari Cloudflare
Privasi",,https://putusan3.mahkamahagung.go.id/direktori/putusan/zaec79c6b87c3daa8982313435383134.html,case_002.txt,41,"putusan3.mahkamahagung.go.id
Verifikasi bahwa Anda adalah manusia. Ini dapat memerlukan waktu beberapa detik.
Situs web menggunakan layanan keamanan untuk melindungi dari bot jahat. Halaman ini ditunjukkan semasa kami memverifikasi bahwa Anda bukan bot.
Ray ID: a0ecb11ae88be77e
Performa dan Keamanan dari Cloudflare
Privasi"
case_003,1885/Pid.B/2022/PN.Tng,10-10-2022,PN Tangerang,Pidana Umum - Pencurian,,,,"bahwa Anda bukan bot.
Ray ID: a0ecb1489dade77e
Performa dan Keamanan dari Cloudflare
Privasi",,https://putusan3.mahkamahagung.go.id/direktori/putusan/zaed970b08fe45feb40e313533353136.html,case_003.txt,33,"putusan3.mahkamahagung.go.id
Melakukan verifikasi keamanan
Situs web menggunakan layanan keamanan untuk melindungi dari bot jahat. Halaman ini ditunjukkan semasa kami memverifikasi bahwa Anda bukan bot.
Ray ID: a0ecb1489dade77e
Performa dan Keamanan dari Cloudflare
Privasi"
case_004,1314/PID.B/2013/PN.TNG,24-07-2013,PN Tangerang,Pidana Umum - Pencurian,,,,"bahwa Anda adalah manusia. Ini dapat memerlukan waktu beberapa detik.
Situs web menggunakan layanan keamanan untuk melindungi dari bot jahat. Halaman ini ditunjukkan semasa kami memverifikasi bahwa Anda bukan bot.
Ray ID: a0ecb1766c7ae77e
Performa dan Keamanan dari Cloudflare
Privasi",,https://putusan3.mahkamahagung.go.id/direktori/putusan/bd7607df513ced610ce107010c47cc1b.html,case_004.txt,41,"putusan3.mahkamahagung.go.id
Verifikasi bahwa Anda adalah manusia. Ini dapat memerlukan waktu beberapa detik.
Situs web menggunakan layanan keamanan untuk melindungi dari bot jahat. Halaman ini ditunjukkan semasa kami memverifikasi bahwa Anda bukan bot.
Ray ID: a0ecb1766c7ae77e
Performa dan Keamanan dari Cloudflare
Privasi"
case_005,1493/PID.B/2013/PN.TNG,27-08-2013,PN Tangerang,Pidana Umum - Pencurian,,,,"bahwa Anda adalah manusia. Ini dapat memerlukan waktu beberapa detik.
Situs web menggunakan layanan keamanan untuk melindungi dari bot jahat. Halaman ini ditunjukkan semasa kami memverifikasi bahwa Anda bukan bot.
Ray ID: a0ecb1a45f83e77e
Performa dan Keamanan dari Cloudflare
Privasi",,https://putusan3.mahkamahagung.go.id/direktori/putusan/adba62392c732ab4baa77debec9bbd72.html,case_005.txt,41,"putusan3.mahkamahagung.go.id
Verifikasi bahwa Anda adalah manusia. Ini dapat memerlukan waktu beberapa detik.
Situs web menggunakan layanan keamanan untuk melindungi dari bot jahat. Halaman ini ditunjukkan semasa kami memverifikasi bahwa Anda bukan bot.
Ray ID: a0ecb1a45f83e77e
Performa dan Keamanan dari Cloudflare
Privasi"
case_006,310/Pid.B/2019/PN.Tng,18-03-2019,PN Tangerang,Pidana Umum - Pencurian,,,,"bahwa Anda adalah manusia. Ini dapat memerlukan waktu beberapa detik.
Situs web menggunakan layanan keamanan untuk melindungi dari bot jahat. Halaman ini ditunjukkan semasa kami memverifikasi bahwa Anda bukan bot.
Ray ID: a0ecb1d499c8e77e
Performa dan Keamanan dari Cloudflare
Privasi",,https://putusan3.mahkamahagung.go.id/direktori/putusan/854b1ce2c8150c85537665183232c221.html,case_006.txt,41,"putusan3.mahkamahagung.go.id
Verifikasi bahwa Anda adalah manusia. Ini dapat memerlukan waktu beberapa detik.
Situs web menggunakan layanan keamanan untuk melindungi dari bot jahat. Halaman ini ditunjukkan semasa kami memverifikasi bahwa Anda bukan bot.
Ray ID: a0ecb1d499c8e77e
Performa dan Keamanan dari Cloudflare
Privasi"
case_007,2686/Pid.B/2018/PN Tng,30 Januari 2019,PN Tangerang,Pidana Umum - Pencurian,,,,"bahwa Anda adalah manusia. Ini dapat memerlukan waktu beberapa detik.
Situs web menggunakan layanan keamanan untuk melindungi dari bot jahat. Halaman ini ditunjukkan semasa kami memverifikasi bahwa Anda bukan bot.
Ray ID: a0ecb2020ffee77e
Performa dan Keamanan dari Cloudflare
Privasi",,https://putusan3.mahkamahagung.go.id/direktori/putusan/ae04fe178665082c029a9b8bab0f2e4a.html,case_007.txt,41,"putusan3.mahkamahagung.go.id
Verifikasi bahwa Anda adalah manusia. Ini dapat memerlukan waktu beberapa detik.
Situs web menggunakan layanan keamanan untuk melindungi dari bot jahat. Halaman ini ditunjukkan semasa kami memverifikasi bahwa Anda bukan bot.
Ray ID: a0ecb2020ffee77e
Performa dan Keamanan dari Cloudflare
Privasi"
case_008,1581/Pid.B/2011/PN.TNG,4 Oktober 2011,PN Tangerang,Pidana Umum - Pencurian,,,,"bahwa Anda adalah manusia. Ini dapat memerlukan waktu beberapa detik.
Situs web menggunakan layanan keamanan untuk melindungi dari bot jahat. Halaman ini ditunjukkan semasa kami memverifikasi bahwa Anda bukan bot.
Ray ID: a0ecb22faf1ae77e
Performa dan Keamanan dari Cloudflare
Privasi",,https://putusan3.mahkamahagung.go.id/direktori/putusan/25a935db4781ac365604657c7a16d549.html,case_008.txt,41,"putusan3.mahkamahagung.go.id
Verifikasi bahwa Anda adalah manusia. Ini dapat memerlukan waktu beberapa detik.
Situs web menggunakan layanan keamanan untuk melindungi dari bot jahat. Halaman ini ditunjukkan semasa kami memverifikasi bahwa Anda bukan bot.
Ray ID: a0ecb22faf1ae77e
Performa dan Keamanan dari Cloudflare
Privasi"
case_009,1022/Pid.B/2010/PN.TNG,14 Juli 2010,PN Tangerang,Pidana Umum - Pencurian,,,,"bahwa Anda adalah manusia. Ini dapat memerlukan waktu beberapa detik.
Situs web menggunakan layanan keamanan untuk melindungi dari bot jahat. Halaman ini ditunjukkan semasa kami memverifikasi bahwa Anda bukan bot.
Ray ID: a0ecb25d8ddde77e
Performa dan Keamanan dari Cloudflare
Privasi",,https://putusan3.mahkamahagung.go.id/direktori/putusan/02d8373b52a74b64cb2b509e597ab22e.html,case_009.txt,41,"putusan3.mahkamahagung.go.id
Verifikasi bahwa Anda adalah manusia. Ini dapat memerlukan waktu beberapa detik.
Situs web menggunakan layanan keamanan untuk melindungi dari bot jahat. Halaman ini ditunjukkan semasa kami memverifikasi bahwa Anda bukan bot.
Ray ID: a0ecb25d8ddde77e
Performa dan Keamanan dari Cloudflare
Privasi"
case_010,497 / PID.B / 2014 / PN.TNG.,19 Mei 2014,PN Tangerang,Pidana Umum - Pencurian,,,,"bahwa Anda adalah manusia. Ini dapat memerlukan waktu beberapa detik.
Situs web menggunakan layanan keamanan untuk melindungi dari bot jahat. Halaman ini ditunjukkan semasa kami memverifikasi bahwa Anda bukan bot.
Ray ID: a0ecb28ad9307a21
Performa dan Keamanan dari Cloudflare
Privasi",,https://putusan3.mahkamahagung.go.id/direktori/putusan/8759143bae7fc4503fe79b069b2b8b1b.html,case_010.txt,41,"putusan3.mahkamahagung.go.id
Verifikasi bahwa Anda adalah manusia. Ini dapat memerlukan waktu beberapa detik.
Situs web menggunakan layanan keamanan untuk melindungi dari bot jahat. Halaman ini ditunjukkan semasa kami memverifikasi bahwa Anda bukan bot.
Ray ID: a0ecb28ad9307a21
Performa dan Keamanan dari Cloudflare
Privasi"
case_011,1885 /Pid.B/2011/PN.TNG,15 Desember 2011,PN Tangerang,Pidana Umum - Pencurian,,,,"bahwa Anda adalah manusia. Ini dapat memerlukan waktu beberapa detik.
Situs web menggunakan layanan keamanan untuk melindungi dari bot jahat. Halaman ini ditunjukkan semasa kami memverifikasi bahwa Anda bukan bot.
Ray ID: a0ecb2b8def8807d
Performa dan Keamanan dari Cloudflare
Privasi",,https://putusan3.mahkamahagung.go.id/direktori/putusan/6c202caab5f21bbfbb02c645b1e120b1.html,case_011.txt,41,"putusan3.mahkamahagung.go.id
Verifikasi bahwa Anda adalah manusia. Ini dapat memerlukan waktu beberapa detik.
Situs web menggunakan layanan keamanan untuk melindungi dari bot jahat. Halaman ini ditunjukkan semasa kami memverifikasi bahwa Anda bukan bot.
Ray ID: a0ecb2b8def8807d
Performa dan Keamanan dari Cloudflare
Privasi"
case_012,1073/Pid.B/2019/PN Tng,10 Juli 2019,PN Tangerang,Pidana Umum - Pencurian,,,,"bahwa Anda adalah manusia. Ini dapat memerlukan waktu beberapa detik.
Situs web menggunakan layanan keamanan untuk melindungi dari bot jahat. Halaman ini ditunjukkan semasa kami memverifikasi bahwa Anda bukan bot.
Ray ID: a0ecb2e6eb09807d
Performa dan Keamanan dari Cloudflare
Privasi",,https://putusan3.mahkamahagung.go.id/direktori/putusan/3ef0dd933715a8193d2f3eb06a2f5cf1.html,case_012.txt,41,"putusan3.mahkamahagung.go.id
Verifikasi bahwa Anda adalah manusia. Ini dapat memerlukan waktu beberapa detik.
Situs web menggunakan layanan keamanan untuk melindungi dari bot jahat. Halaman ini ditunjukkan semasa kami memverifikasi bahwa Anda bukan bot.
Ray ID: a0ecb2e6eb09807d
Performa dan Keamanan dari Cloudflare
Privasi"
case_013,678/ PID.B/ 2011/ PN TNG,8 Mei 2012,PN Tangerang,Pidana Umum - Pencurian,,,,"bahwa Anda adalah manusia. Ini dapat memerlukan waktu beberapa detik.
Situs web menggunakan layanan keamanan untuk melindungi dari bot jahat. Halaman ini ditunjukkan semasa kami memverifikasi bahwa Anda bukan bot.
Ray ID: a0ecb3151e22807d
Performa dan Keamanan dari Cloudflare
Privasi",,https://putusan3.mahkamahagung.go.id/direktori/putusan/18665f313e4f85241b5592b8d5212fa2.html,case_013.txt,41,"putusan3.mahkamahagung.go.id
Verifikasi bahwa Anda adalah manusia. Ini dapat memerlukan waktu beberapa detik.
Situs web menggunakan layanan keamanan untuk melindungi dari bot jahat. Halaman ini ditunjukkan semasa kami memverifikasi bahwa Anda bukan bot.
Ray ID: a0ecb3151e22807d
Performa dan Keamanan dari Cloudflare
Privasi"
case_014,1527/Pid.B/2014/PN.TNG,16 September 2014,PN Tangerang,Pidana Umum - Pencurian,,,,"bahwa Anda adalah manusia. Ini dapat memerlukan waktu beberapa detik.
Situs web menggunakan layanan keamanan untuk melindungi dari bot jahat. Halaman ini ditunjukkan semasa kami memverifikasi bahwa Anda bukan bot.
Ray ID: a0ecb34338f9807d
Performa dan Keamanan dari Cloudflare
Privasi",,https://putusan3.mahkamahagung.go.id/direktori/putusan/a1494e35aeb849e79506ae4ca8c28be2.html,case_014.txt,41,"putusan3.mahkamahagung.go.id
Verifikasi bahwa Anda adalah manusia. Ini dapat memerlukan waktu beberapa detik.
Situs web menggunakan layanan keamanan untuk melindungi dari bot jahat. Halaman ini ditunjukkan semasa kami memverifikasi bahwa Anda bukan bot.
Ray ID: a0ecb34338f9807d
Performa dan Keamanan dari Cloudflare
Privasi"
case_015,834 / Pid.B / 2017 / PN.TNG.,15 Juni 2017,PN Tangerang,Pidana Umum - Pencurian,,,,"bahwa Anda adalah manusia. Ini dapat memerlukan waktu beberapa detik.
Situs web menggunakan layanan keamanan untuk melindungi dari bot jahat. Halaman ini ditunjukkan semasa kami memverifikasi bahwa Anda bukan bot.
Ray ID: a0ecb370fc2d807d
Performa dan Keamanan dari Cloudflare
Privasi",,https://putusan3.mahkamahagung.go.id/direktori/putusan/f00d054e938e4c0c46bc04ca0cdc973d.html,case_015.txt,41,"putusan3.mahkamahagung.go.id
Verifikasi bahwa Anda adalah manusia. Ini dapat memerlukan waktu beberapa detik.
Situs web menggunakan layanan keamanan untuk melindungi dari bot jahat. Halaman ini ditunjukkan semasa kami memverifikasi bahwa Anda bukan bot.
Ray ID: a0ecb370fc2d807d
Performa dan Keamanan dari Cloudflare
Privasi"
case_016,2000/Pid.B/2017/PN.Tng,16 Nopember 2017,PN Tangerang,Pidana Umum - Pencurian,,,,"bahwa Anda bukan bot.
Ray ID: a0ecb39eb872807d
Performa dan Keamanan dari Cloudflare
Privasi",,https://putusan3.mahkamahagung.go.id/direktori/putusan/04ad52268ca0dad8d4bb28edf1b88c52.html,case_016.txt,33,"putusan3.mahkamahagung.go.id
Melakukan verifikasi keamanan
Situs web menggunakan layanan keamanan untuk melindungi dari bot jahat. Halaman ini ditunjukkan semasa kami memverifikasi bahwa Anda bukan bot.
Ray ID: a0ecb39eb872807d
Performa dan Keamanan dari Cloudflare
Privasi"
case_017,2497/Pid.B/2018/PN Tng,10 Januari 2019,PN Tangerang,Pidana Umum - Pencurian,,,,"bahwa Anda adalah manusia. Ini dapat memerlukan waktu beberapa detik.
Situs web menggunakan layanan keamanan untuk melindungi dari bot jahat. Halaman ini ditunjukkan semasa kami memverifikasi bahwa Anda bukan bot.
Ray ID: a0ecb3cc6e33807d
Performa dan Keamanan dari Cloudflare
Privasi",,https://putusan3.mahkamahagung.go.id/direktori/putusan/2ec4a38929c18f44ab0e3893ecdd3020.html,case_017.txt,41,"putusan3.mahkamahagung.go.id
Verifikasi bahwa Anda adalah manusia. Ini dapat memerlukan waktu beberapa detik.
Situs web menggunakan layanan keamanan untuk melindungi dari bot jahat. Halaman ini ditunjukkan semasa kami memverifikasi bahwa Anda bukan bot.
Ray ID: a0ecb3cc6e33807d
Performa dan Keamanan dari Cloudflare
Privasi"
case_018,2372/Pid.B/2018/PN Tng,19 Desember 2018,PN Tangerang,Pidana Umum - Pencurian,,,,"bahwa Anda adalah manusia. Ini dapat memerlukan waktu beberapa detik.
Situs web menggunakan layanan keamanan untuk melindungi dari bot jahat. Halaman ini ditunjukkan semasa kami memverifikasi bahwa Anda bukan bot.
Ray ID: a0ecb3fa0a3e807d
Performa dan Keamanan dari Cloudflare
Privasi",,https://putusan3.mahkamahagung.go.id/direktori/putusan/1a2dbe4dff7e10c16022d7d40f3b8d54.html,case_018.txt,41,"putusan3.mahkamahagung.go.id
Verifikasi bahwa Anda adalah manusia. Ini dapat memerlukan waktu beberapa detik.
Situs web menggunakan layanan keamanan untuk melindungi dari bot jahat. Halaman ini ditunjukkan semasa kami memverifikasi bahwa Anda bukan bot.
Ray ID: a0ecb3fa0a3e807d
Performa dan Keamanan dari Cloudflare
Privasi"
case_019,329/Pid.B/2019/PN Tng,1 April 2019,PN Tangerang,Pidana Umum - Pencurian,,,,"bahwa Anda adalah manusia. Ini dapat memerlukan waktu beberapa detik.
Situs web menggunakan layanan keamanan untuk melindungi dari bot jahat. Halaman ini ditunjukkan semasa kami memverifikasi bahwa Anda bukan bot.
Ray ID: a0ecb427ee03807d
Performa dan Keamanan dari Cloudflare
Privasi",,https://putusan3.mahkamahagung.go.id/direktori/putusan/1927e380e77376c28fcc56bec49431a4.html,case_019.txt,41,"putusan3.mahkamahagung.go.id
Verifikasi bahwa Anda adalah manusia. Ini dapat memerlukan waktu beberapa detik.
Situs web menggunakan layanan keamanan untuk melindungi dari bot jahat. Halaman ini ditunjukkan semasa kami memverifikasi bahwa Anda bukan bot.
Ray ID: a0ecb427ee03807d
Performa dan Keamanan dari Cloudflare
Privasi"
case_020,976/Pid.B/2022/PN Tng,10 Agustus 2022,PN Tangerang,Pidana Umum - Pencurian,,,,"bahwa Anda adalah manusia. Ini dapat memerlukan waktu beberapa detik.
Situs web menggunakan layanan keamanan untuk melindungi dari bot jahat. Halaman ini ditunjukkan semasa kami memverifikasi bahwa Anda bukan bot.
Ray ID: a0ecb4556b72807d
Performa dan Keamanan dari Cloudflare
Privasi",,https://putusan3.mahkamahagung.go.id/direktori/putusan/zaed1ecc94bf613ebb5c313530353533.html,case_020.txt,41,"putusan3.mahkamahagung.go.id
Verifikasi bahwa Anda adalah manusia. Ini dapat memerlukan waktu beberapa detik.
Situs web menggunakan layanan keamanan untuk melindungi dari bot jahat. Halaman ini ditunjukkan semasa kami memverifikasi bahwa Anda bukan bot.
Ray ID: a0ecb4556b72807d
Performa dan Keamanan dari Cloudflare
Privasi"
case_021,32/Pdt.P/2025/PN Psp,,PN Tangerang,Pidana Umum - Pencurian,,,,"bahwa Anda bukan bot.
Ray ID: a0ecb482bc9f807d
Performa dan Keamanan dari Cloudflare
Privasi",,https://putusan3.mahkamahagung.go.id/direktori/putusan/zaf16cab4e3a9c5cb8ef323032343033.html,case_021.txt,33,"putusan3.mahkamahagung.go.id
Melakukan verifikasi keamanan
Situs web menggunakan layanan keamanan untuk melindungi dari bot jahat. Halaman ini ditunjukkan semasa kami memverifikasi bahwa Anda bukan bot.
Ray ID: a0ecb482bc9f807d
Performa dan Keamanan dari Cloudflare
Privasi"
case_022,292/Pid.B/2025/PN Psp,,PN Tangerang,Pidana Umum - Pencurian,,,,"bahwa Anda bukan bot.
Ray ID: a0ecb4b04f00807d
Performa dan Keamanan dari Cloudflare
Privasi",,https://putusan3.mahkamahagung.go.id/direktori/putusan/zaf16cab4c54b6fcbc41323032343030.html,case_022.txt,33,"putusan3.mahkamahagung.go.id
Melakukan verifikasi keamanan
Situs web menggunakan layanan keamanan untuk melindungi dari bot jahat. Halaman ini ditunjukkan semasa kami memverifikasi bahwa Anda bukan bot.
Ray ID: a0ecb4b04f00807d
Performa dan Keamanan dari Cloudflare
Privasi"
case_023,272/Pid.B/2025/PN Psp,,PN Tangerang,Pidana Umum - Pencurian,,,,"bahwa Anda bukan bot.
Ray ID: a0ecb4ddbd1b807d
Performa dan Keamanan dari Cloudflare
Privasi",,https://putusan3.mahkamahagung.go.id/direktori/putusan/zaf16cab4a5d78e89838323032333536.html,case_023.txt,33,"putusan3.mahkamahagung.go.id
Melakukan verifikasi keamanan
Situs web menggunakan layanan keamanan untuk melindungi dari bot jahat. Halaman ini ditunjukkan semasa kami memverifikasi bahwa Anda bukan bot.
Ray ID: a0ecb4ddbd1b807d
Performa dan Keamanan dari Cloudflare
Privasi"
case_024,586/Pid.B/2019/PN Tng,16 Mei 2019,PN Tangerang,Pidana Umum - Pencurian,,,,"bahwa Anda adalah manusia. Ini dapat memerlukan waktu beberapa detik.
Situs web menggunakan layanan keamanan untuk melindungi dari bot jahat. Halaman ini ditunjukkan semasa kami memverifikasi bahwa Anda bukan bot.
Ray ID: a0ecb50b19c7807d
Performa dan Keamanan dari Cloudflare
Privasi",,https://putusan3.mahkamahagung.go.id/direktori/putusan/08310eb6ee84116780cee64575f7054e.html,case_024.txt,41,"putusan3.mahkamahagung.go.id
Verifikasi bahwa Anda adalah manusia. Ini dapat memerlukan waktu beberapa detik.
Situs web menggunakan layanan keamanan untuk melindungi dari bot jahat. Halaman ini ditunjukkan semasa kami memverifikasi bahwa Anda bukan bot.
Ray ID: a0ecb50b19c7807d
Performa dan Keamanan dari Cloudflare
Privasi"
case_025,2203/PID.B/2014/PN. TNG,6 Januari 2015,PN Tangerang,Pidana Umum - Pencurian,,,,"bahwa Anda bukan bot.
Ray ID: a0ecb5386828807d
Performa dan Keamanan dari Cloudflare
Privasi",,https://putusan3.mahkamahagung.go.id/direktori/putusan/84cb49872067c701cfdf1ec9ba18e2d7.html,case_025.txt,33,"putusan3.mahkamahagung.go.id
Melakukan verifikasi keamanan
Situs web menggunakan layanan keamanan untuk melindungi dari bot jahat. Halaman ini ditunjukkan semasa kami memverifikasi bahwa Anda bukan bot.
Ray ID: a0ecb5386828807d
Performa dan Keamanan dari Cloudflare
Privasi"
case_026,105/Pid.B/2024/PN Tng,27 Februari 2024,PN Tangerang,Pidana Umum - Pencurian,,,,"bahwa Anda adalah manusia. Ini dapat memerlukan waktu beberapa detik.
Situs web menggunakan layanan keamanan untuk melindungi dari bot jahat. Halaman ini ditunjukkan semasa kami memverifikasi bahwa Anda bukan bot.
Ray ID: a0ecb5659cd6807d
Performa dan Keamanan dari Cloudflare
Privasi",,https://putusan3.mahkamahagung.go.id/direktori/putusan/zaef333448cd3426a003303334383332.html,case_026.txt,41,"putusan3.mahkamahagung.go.id
Verifikasi bahwa Anda adalah manusia. Ini dapat memerlukan waktu beberapa detik.
Situs web menggunakan layanan keamanan untuk melindungi dari bot jahat. Halaman ini ditunjukkan semasa kami memverifikasi bahwa Anda bukan bot.
Ray ID: a0ecb5659cd6807d
Performa dan Keamanan dari Cloudflare
Privasi"
case_027,465/Pid.B/2012/PN. TNG,12 April 2012,PN Tangerang,Pidana Umum - Pencurian,,,,"bahwa Anda bukan bot.
Ray ID: a0ecb5930d01807d
Performa dan Keamanan dari Cloudflare
Privasi",,https://putusan3.mahkamahagung.go.id/direktori/putusan/5447530578b1a72d2ab822129b791116.html,case_027.txt,33,"putusan3.mahkamahagung.go.id
Melakukan verifikasi keamanan
Situs web menggunakan layanan keamanan untuk melindungi dari bot jahat. Halaman ini ditunjukkan semasa kami memverifikasi bahwa Anda bukan bot.
Ray ID: a0ecb5930d01807d
Performa dan Keamanan dari Cloudflare
Privasi"
case_028,1347 / PID.B / 2014 / PN.TNG.,20 Agustus 2014,PN Tangerang,Pidana Umum - Pencurian,,,,"bahwa Anda bukan bot.
Ray ID: a0ecb5c06a94807d
Performa dan Keamanan dari Cloudflare
Privasi",,https://putusan3.mahkamahagung.go.id/direktori/putusan/a3aedfdaa5c381abd8efe3088559cfb4.html,case_028.txt,33,"putusan3.mahkamahagung.go.id
Melakukan verifikasi keamanan
Situs web menggunakan layanan keamanan untuk melindungi dari bot jahat. Halaman ini ditunjukkan semasa kami memverifikasi bahwa Anda bukan bot.
Ray ID: a0ecb5c06a94807d
Performa dan Keamanan dari Cloudflare
Privasi"
case_029,672 / PID.B / 2013 / PN.TNG,15 Mei 2013,PN Tangerang,Pidana Umum - Pencurian,,,,"bahwa Anda bukan bot.
Ray ID: a0ecb5edfa0b807d
Performa dan Keamanan dari Cloudflare
Privasi",,https://putusan3.mahkamahagung.go.id/direktori/putusan/af8fac0ea6bf31bb3475f4a607d8f0b7.html,case_029.txt,33,"putusan3.mahkamahagung.go.id
Melakukan verifikasi keamanan
Situs web menggunakan layanan keamanan untuk melindungi dari bot jahat. Halaman ini ditunjukkan semasa kami memverifikasi bahwa Anda bukan bot.
Ray ID: a0ecb5edfa0b807d
Performa dan Keamanan dari Cloudflare
Privasi"
case_030,395/Pid.B/2023/PN Tng,9 Mei 2023,PN Tangerang,Pidana Umum - Pencurian,,,,"bahwa Anda bukan bot.
Ray ID: a0ecb61c0bc1807d
Performa dan Keamanan dari Cloudflare
Privasi",,https://putusan3.mahkamahagung.go.id/direktori/putusan/zaedfadf877aa55c8478313633353437.html,case_030.txt,33,"putusan3.mahkamahagung.go.id
Melakukan verifikasi keamanan
Situs web menggunakan layanan keamanan untuk melindungi dari bot jahat. Halaman ini ditunjukkan semasa kami memverifikasi bahwa Anda bukan bot.
Ray ID: a0ecb61c0bc1807d
Performa dan Keamanan dari Cloudflare
Privasi"
case_031,46/Pid.B/2024/PN Tng,5 Maret 2024,PN Tangerang,Pidana Umum - Pencurian,,,,"bahwa Anda bukan bot.
Ray ID: a0ecb649bc30807d
Performa dan Keamanan dari Cloudflare
Privasi",,https://putusan3.mahkamahagung.go.id/direktori/putusan/zaef3327a10bcfc4a212303231373537.html,case_031.txt,33,"putusan3.mahkamahagung.go.id
Melakukan verifikasi keamanan
Situs web menggunakan layanan keamanan untuk melindungi dari bot jahat. Halaman ini ditunjukkan semasa kami memverifikasi bahwa Anda bukan bot.
Ray ID: a0ecb649bc30807d
Performa dan Keamanan dari Cloudflare
Privasi"
case_032,1431/Pid.B/2021/PN Tng,30 Nopember 2021,PN Tangerang,Pidana Umum - Pencurian,,,,"bahwa Anda bukan bot.
Ray ID: a0ecb676fce5807d
Performa dan Keamanan dari Cloudflare
Privasi",,https://putusan3.mahkamahagung.go.id/direktori/putusan/zaec527fe57c45ac863c313532333030.html,case_032.txt,33,"putusan3.mahkamahagung.go.id
Melakukan verifikasi keamanan
Situs web menggunakan layanan keamanan untuk melindungi dari bot jahat. Halaman ini ditunjukkan semasa kami memverifikasi bahwa Anda bukan bot.
Ray ID: a0ecb676fce5807d
Performa dan Keamanan dari Cloudflare
Privasi"
case_033,1544/Pid.B/2021/PN Tng,17 Nopember 2021,PN Tangerang,Pidana Umum - Pencurian,,,,"bahwa Anda bukan bot.
Ray ID: a0ecb6a46a75807d
Performa dan Keamanan dari Cloudflare
Privasi",,https://putusan3.mahkamahagung.go.id/direktori/putusan/zaec47891274e3d6889b313633303538.html,case_033.txt,33,"putusan3.mahkamahagung.go.id
Melakukan verifikasi keamanan
Situs web menggunakan layanan keamanan untuk melindungi dari bot jahat. Halaman ini ditunjukkan semasa kami memverifikasi bahwa Anda bukan bot.
Ray ID: a0ecb6a46a75807d
Performa dan Keamanan dari Cloudflare
Privasi"
case_034,1048/Pid.B/2022/PN Tng,19 September 2022,PN Tangerang,Pidana Umum - Pencurian,,,,"bahwa Anda bukan bot.
Ray ID: a0ecb6d1c8dc807d
Performa dan Keamanan dari Cloudflare
Privasi",,https://putusan3.mahkamahagung.go.id/direktori/putusan/zaed38c2290e398c9854313535363438.html,case_034.txt,33,"putusan3.mahkamahagung.go.id
Melakukan verifikasi keamanan
Situs web menggunakan layanan keamanan untuk melindungi dari bot jahat. Halaman ini ditunjukkan semasa kami memverifikasi bahwa Anda bukan bot.
Ray ID: a0ecb6d1c8dc807d
Performa dan Keamanan dari Cloudflare
Privasi"
case_035,1952/Pid.B/2022/PN Tng,20 Desember 2022,PN Tangerang,Pidana Umum - Pencurian,,,,"bahwa Anda bukan bot.
Ray ID: a0ecb6ff7de6807d
Performa dan Keamanan dari Cloudflare
Privasi",,https://putusan3.mahkamahagung.go.id/direktori/putusan/zaed803e5dbc637a802e313531343436.html,case_035.txt,33,"putusan3.mahkamahagung.go.id
Melakukan verifikasi keamanan
Situs web menggunakan layanan keamanan untuk melindungi dari bot jahat. Halaman ini ditunjukkan semasa kami memverifikasi bahwa Anda bukan bot.
Ray ID: a0ecb6ff7de6807d
Performa dan Keamanan dari Cloudflare
Privasi"
case_036,1649/Pid.B/2022/PN Tng,30 Nopember 2022,PN Tangerang,Pidana Umum - Pencurian,,,,"bahwa Anda bukan bot.
Ray ID: a0ecb72d0a92807d
Performa dan Keamanan dari Cloudflare
Privasi",,https://putusan3.mahkamahagung.go.id/direktori/putusan/zaed708d0c8782529978313535373432.html,case_036.txt,33,"putusan3.mahkamahagung.go.id
Melakukan verifikasi keamanan
Situs web menggunakan layanan keamanan untuk melindungi dari bot jahat. Halaman ini ditunjukkan semasa kami memverifikasi bahwa Anda bukan bot.
Ray ID: a0ecb72d0a92807d
Performa dan Keamanan dari Cloudflare
Privasi"
case_037,1905/Pid.B/2021/PN Tng,19 Januari 2022,PN Tangerang,Pidana Umum - Pencurian,,,,"bahwa Anda bukan bot.
Ray ID: a0ecb75a5e73807d
Performa dan Keamanan dari Cloudflare
Privasi",,https://putusan3.mahkamahagung.go.id/direktori/putusan/zaec7cbf4158b9c8bc31303934323231.html,case_037.txt,33,"putusan3.mahkamahagung.go.id
Melakukan verifikasi keamanan
Situs web menggunakan layanan keamanan untuk melindungi dari bot jahat. Halaman ini ditunjukkan semasa kami memverifikasi bahwa Anda bukan bot.
Ray ID: a0ecb75a5e73807d
Performa dan Keamanan dari Cloudflare
Privasi"
case_038,1871/Pid.B/2021/PN Tng,5 Januari 2022,PN Tangerang,Pidana Umum - Pencurian,,,,"bahwa Anda bukan bot.
Ray ID: a0ecb7878e9f807d
Performa dan Keamanan dari Cloudflare
Privasi",,https://putusan3.mahkamahagung.go.id/direktori/putusan/zaec6ed1abbff3e08ad8313631383535.html,case_038.txt,33,"putusan3.mahkamahagung.go.id
Melakukan verifikasi keamanan
Situs web menggunakan layanan keamanan untuk melindungi dari bot jahat. Halaman ini ditunjukkan semasa kami memverifikasi bahwa Anda bukan bot.
Ray ID: a0ecb7878e9f807d
Performa dan Keamanan dari Cloudflare
Privasi"
case_039,137/Pid.B/2022/PN Tng,13 April 2022,PN Tangerang,Pidana Umum - Pencurian,,,,"bahwa Anda bukan bot.
Ray ID: a0ecb7b4eca4807d
Performa dan Keamanan dari Cloudflare
Privasi",,https://putusan3.mahkamahagung.go.id/direktori/putusan/zaecbafe85947050b5c0313435313236.html,case_039.txt,33,"putusan3.mahkamahagung.go.id
Melakukan verifikasi keamanan
Situs web menggunakan layanan keamanan untuk melindungi dari bot jahat. Halaman ini ditunjukkan semasa kami memverifikasi bahwa Anda bukan bot.
Ray ID: a0ecb7b4eca4807d
Performa dan Keamanan dari Cloudflare
Privasi"
case_040,893/Pid.B/2022/PN Tng,30 Juni 2022,PN Tangerang,Pidana Umum - Pencurian,,,,"bahwa Anda bukan bot.
Ray ID: a0ecb7e2bdf6807d
Performa dan Keamanan dari Cloudflare
Privasi",,https://putusan3.mahkamahagung.go.id/direktori/putusan/zaecf918e98122fe867a313533363333.html,case_040.txt,33,"putusan3.mahkamahagung.go.id
Melakukan verifikasi keamanan
Situs web menggunakan layanan keamanan untuk melindungi dari bot jahat. Halaman ini ditunjukkan semasa kami memverifikasi bahwa Anda bukan bot.
Ray ID: a0ecb7e2bdf6807d
Performa dan Keamanan dari Cloudflare
Privasi"
