case_id,nama_file_asli,no_perkara,pengadilan,jenis_perkara,tanggal_putusan,file_pdf,file_txt,status_ekstraksi,jumlah_halaman,jumlah_kata
case_001,putusan_1104_pid.b_2025_pn_tng_20260626204755.pdf,1104/Pid.B/2025/PN.Tng,Pengadilan Negeri Tangerang,Pidana Umum - Pencurian,,data/raw/pdf/case_001.pdf,data/raw/text/case_001.txt,berhasil,25,7748
case_002,putusan_1134_pid.b_2025_pn_tng_20260626210203.pdf,1134/Pid.B/2025/PN.Tng,Pengadilan Negeri Tangerang,Pidana Umum - Pencurian,,data/raw/pdf/case_002.pdf,data/raw/text/case_002.txt,berhasil,43,14182
case_003,putusan_1184_pid.b_2025_pn_tng_20260626205721.pdf,1184/Pid.B/2025/PN.Tng,Pengadilan Negeri Tangerang,Pidana Umum - Pencurian,,data/raw/pdf/case_003.pdf,data/raw/text/case_003.txt,berhasil,13,4072
case_004,putusan_1185_pid.b_2025_pn_tng_20260626204526.pdf,1185/Pid.B/2025/PN.Tng,Pengadilan Negeri Tangerang,Pidana Umum - Pencurian,,data/raw/pdf/case_004.pdf,data/raw/text/case_004.txt,berhasil,15,4428
case_005,putusan_118_pid.b_2026_pn_tng_20260626210553.pdf,118/Pid.B/2026/PN.Tng,Pengadilan Negeri Tangerang,Pidana Umum - Pencurian,,data/raw/pdf/case_005.pdf,data/raw/text/case_005.txt,berhasil,17,5295
case_006,putusan_1194_pid.b_2025_pn_tng_20260626205917.pdf,1194/Pid.B/2025/PN.Tng,Pengadilan Negeri Tangerang,Pidana Umum - Pencurian,,data/raw/pdf/case_006.pdf,data/raw/text/case_006.txt,berhasil,23,7315
case_007,putusan_1198_pid.b_2025_pn_tng_20260626211138.pdf,1198/Pid.B/2025/PN.Tng,Pengadilan Negeri Tangerang,Pidana Umum - Pencurian,,data/raw/pdf/case_007.pdf,data/raw/text/case_007.txt,berhasil,25,7847
case_008,putusan_1255_pid.b_2025_pn_tng_20260626210144.pdf,1255/Pid.B/2025/PN.Tng,Pengadilan Negeri Tangerang,Pidana Umum - Pencurian,,data/raw/pdf/case_008.pdf,data/raw/text/case_008.txt,berhasil,16,4871
case_009,putusan_1260_pid.b_2025_pn_tng_20260626210248.pdf,1260/Pid.B/2025/PN.Tng,Pengadilan Negeri Tangerang,Pidana Umum - Pencurian,,data/raw/pdf/case_009.pdf,data/raw/text/case_009.txt,berhasil,17,5017
case_010,putusan_1276_pid.b_2025_pn_tng_20260626205427.pdf,1276/Pid.B/2025/PN.Tng,Pengadilan Negeri Tangerang,Pidana Umum - Pencurian,"18
September 2025",data/raw/pdf/case_010.pdf,data/raw/text/case_010.txt,berhasil,31,9934
case_011,putusan_1312_pid.b_2025_pn_tng_20260626210713.pdf,1312/Pid.B/2025/PN.Tng,Pengadilan Negeri Tangerang,Pidana Umum - Pencurian,"07
Oktober 2025",data/raw/pdf/case_011.pdf,data/raw/text/case_011.txt,berhasil,19,5425
case_012,putusan_1315_pid.b_2025_pn_tng_20260626210731.pdf,1315/Pid.B/2025/PN.Tng,Pengadilan Negeri Tangerang,Pidana Umum - Pencurian,,data/raw/pdf/case_012.pdf,data/raw/text/case_012.txt,berhasil,18,5419
case_013,putusan_1337_pid.b_2025_pn_tng_20260626205035.pdf,1337/Pid.B/2025/PN.Tng,Pengadilan Negeri Tangerang,Pidana Umum - Pencurian,,data/raw/pdf/case_013.pdf,data/raw/text/case_013.txt,berhasil,21,5850
case_014,putusan_1527_pid.b_2025_pn_tng_20260626211157.pdf,1527/Pid.B/2025/PN.Tng,Pengadilan Negeri Tangerang,Pidana Umum - Pencurian,,data/raw/pdf/case_014.pdf,data/raw/text/case_014.txt,berhasil,23,6883
case_015,putusan_1562_pid.b_2025_pn_tng_20260626210957.pdf,1562/Pid.B/2025/PN.Tng,Pengadilan Negeri Tangerang,Pidana Umum - Pencurian,,data/raw/pdf/case_015.pdf,data/raw/text/case_015.txt,berhasil,18,5232
case_016,putusan_1571_pid.b_2025_pn_tng_20260626204916.pdf,1571/Pid.B/2025/PN.Tng,Pengadilan Negeri Tangerang,Pidana Umum - Pencurian,,data/raw/pdf/case_016.pdf,data/raw/text/case_016.txt,berhasil,19,5564
case_017,putusan_1584_pid.b_2025_pn_tng_20260626210644.pdf,1584/Pid.B/2025/PN.Tng,Pengadilan Negeri Tangerang,Pidana Umum - Pencurian,,data/raw/pdf/case_017.pdf,data/raw/text/case_017.txt,berhasil,20,6103
case_018,putusan_1606_pid.b_2025_pn_tng_20260626204551.pdf,1606/Pid.B/2025/PN.Tng,Pengadilan Negeri Tangerang,Pidana Umum - Pencurian,,data/raw/pdf/case_018.pdf,data/raw/text/case_018.txt,berhasil,18,5461
case_019,putusan_1641_pid.b_2025_pn_tng_20260626205520.pdf,1641/Pid.B/2025/PN.Tng,Pengadilan Negeri Tangerang,Pidana Umum - Pencurian,,data/raw/pdf/case_019.pdf,data/raw/text/case_019.txt,berhasil,15,4893
case_020,putusan_1674_pid.b_2017_pn_tng_20260626210749.pdf,1674/Pid.B/2017/PN.Tng,Pengadilan Negeri Tangerang,Pidana Umum - Pencurian,,data/raw/pdf/case_020.pdf,data/raw/text/case_020.txt,berhasil,10,4307
case_021,putusan_1715_pid.b_2024_pn_tng_20260626210235.pdf,1715/Pid.B/2024/PN.Tng,Pengadilan Negeri Tangerang,Pidana Umum - Pencurian,,data/raw/pdf/case_021.pdf,data/raw/text/case_021.txt,berhasil,22,6545
case_022,putusan_1739_pid.b_2025_pn_tng_20260626205441.pdf,1739/Pid.B/2025/PN.Tng,Pengadilan Negeri Tangerang,Pidana Umum - Pencurian,,data/raw/pdf/case_022.pdf,data/raw/text/case_022.txt,berhasil,15,4414
case_023,putusan_1763_pid.b_2024_pn_tng_20260626210033.pdf,1763/Pid.B/2024/PN.Tng,Pengadilan Negeri Tangerang,Pidana Umum - Pencurian,,data/raw/pdf/case_023.pdf,data/raw/text/case_023.txt,berhasil,18,5603
case_024,putusan_1788_pid.b_2017_pn_tng_20260626211021.pdf,1788/Pid.B/2017/PN.Tng,Pengadilan Negeri Tangerang,Pidana Umum - Pencurian,"30
Oktober 2017",data/raw/pdf/case_024.pdf,data/raw/text/case_024.txt,berhasil,34,2957
case_025,putusan_1800_pid.b_2024_pn_tng_20260626205941.pdf,1800/Pid.B/2024/PN.Tng,Pengadilan Negeri Tangerang,Pidana Umum - Pencurian,,data/raw/pdf/case_025.pdf,data/raw/text/case_025.txt,berhasil,22,6640
case_026,putusan_1818_pid.b_2024_pn_tng_20260626205707.pdf,1818/Pid.B/2024/PN.Tng,Pengadilan Negeri Tangerang,Pidana Umum - Pencurian,"14
Januari 2025",data/raw/pdf/case_026.pdf,data/raw/text/case_026.txt,berhasil,32,9991
case_027,putusan_1821_pid.b_2024_pn_tng_20260626210125.pdf,1821/Pid.B/2024/PN.Tng,Pengadilan Negeri Tangerang,Pidana Umum - Pencurian,,data/raw/pdf/case_027.pdf,data/raw/text/case_027.txt,berhasil,10,2628
case_028,putusan_1841_pid.b_2024_pn_tng_20260626205638.pdf,1841/Pid.B/2024/PN.Tng,Pengadilan Negeri Tangerang,Pidana Umum - Pencurian,,data/raw/pdf/case_028.pdf,data/raw/text/case_028.txt,berhasil,25,8342
case_029,putusan_1842_pid.b_2024_pn_tng_20260626205453.pdf,1842/Pid.B/2024/PN.Tng,Pengadilan Negeri Tangerang,Pidana Umum - Pencurian,,data/raw/pdf/case_029.pdf,data/raw/text/case_029.txt,berhasil,26,8380
case_030,putusan_1869_pid.b_2024_pn_tng_20260626205200.pdf,1869/Pid.B/2024/PN.Tng,Pengadilan Negeri Tangerang,Pidana Umum - Pencurian,,data/raw/pdf/case_030.pdf,data/raw/text/case_030.txt,berhasil,18,5276
case_031,putusan_1874_pid.b_2025_pn_tng_20260626210529.pdf,1874/Pid.B/2025/PN.Tng,Pengadilan Negeri Tangerang,Pidana Umum - Pencurian,,data/raw/pdf/case_031.pdf,data/raw/text/case_031.txt,berhasil,22,7573
case_032,putusan_1892_pid.b_2024_pn_tng_20260626205418.pdf,1892/Pid.B/2024/PN.Tng,Pengadilan Negeri Tangerang,Pidana Umum - Pencurian,,data/raw/pdf/case_032.pdf,data/raw/text/case_032.txt,berhasil,18,5399
case_033,putusan_1912_pid.b_2024_pn_tng_20260626204809.pdf,1912/Pid.B/2024/PN.Tng,Pengadilan Negeri Tangerang,Pidana Umum - Pencurian,,data/raw/pdf/case_033.pdf,data/raw/text/case_033.txt,berhasil,23,6864
case_034,putusan_1936_pid.b_2024_pn_tng_20260626210023.pdf,1936/Pid.B/2024/PN.Tng,Pengadilan Negeri Tangerang,Pidana Umum - Pencurian,,data/raw/pdf/case_034.pdf,data/raw/text/case_034.txt,berhasil,19,5867
case_035,putusan_1942_pid.b_2025_pn_tng_20260626210510.pdf,1942/Pid.B/2025/PN.Tng,Pengadilan Negeri Tangerang,Pidana Umum - Pencurian,,data/raw/pdf/case_035.pdf,data/raw/text/case_035.txt,berhasil,18,5582
case_036,putusan_1960_pid.b_2025_pn_tng_20260626210610.pdf,1960/Pid.B/2025/PN.Tng,Pengadilan Negeri Tangerang,Pidana Umum - Pencurian,,data/raw/pdf/case_036.pdf,data/raw/text/case_036.txt,berhasil,23,7244
case_037,putusan_1982_pid.b_2024_pn_tng_20260626205956.pdf,1982/Pid.B/2024/PN.Tng,Pengadilan Negeri Tangerang,Pidana Umum - Pencurian,,data/raw/pdf/case_037.pdf,data/raw/text/case_037.txt,berhasil,23,7425
case_038,putusan_465_pid.b_2026_pn_tng_20260626210933.pdf,465/Pid.B/2026/PN.Tng,Pengadilan Negeri Tangerang,Pidana Umum - Pencurian,,data/raw/pdf/case_038.pdf,data/raw/text/case_038.txt,berhasil,16,4522
case_039,putusan_471_pid.b_2026_pn_tng_20260626210856.pdf,471/Pid.B/2026/PN.Tng,Pengadilan Negeri Tangerang,Pidana Umum - Pencurian,"12 Mei
2026",data/raw/pdf/case_039.pdf,data/raw/text/case_039.txt,berhasil,20,6342
case_040,putusan_517_pid.b_2026_pn_tng_20260626210800.pdf,617/Pid.B/2026/PN.Tng,Pengadilan Negeri Tangerang,Pidana Umum - Pencurian,,data/raw/pdf/case_040.pdf,data/raw/text/case_040.txt,berhasil,16,4874
