query_id,query,ground_truth_case_id,ground_truth_solution_label,predicted_solution_label,predicted_solution_text,predicted_lama_pidana,best_case_id,top_5_case_ids,top_5_scores
eval_001,"Pengadilan PN TANGERANG Pidana Umum Pencurian Putus : 15-05-2013 — Upload : 23-06-2014 Putusan PN TANGERANG Nomor 672 / PID.B / 2013 / PN.TNG Tanggal 15 Mei 2013 — ABDUL KHALIM Als. NARYO Bin JABUN 32 — 3 sejak tanggal 28Januari 2013 sampai dengan sekarang ;PENGADILAN NEGERI TERSEBUT ;Telah membaca berkas perkara atas nama Terdakwa tersebut ;Telah mendengar keterangan saksisaksi, dan keterangan Terdakwa ;Telah memeriksa/memperhatikan barang bukti dalam perkara tersebut ;Telah mendengar uraian tuntutan Penuntut Umum pada Kejaksaan NegeriTangerang atas diri Terdakwa, yang pada pokoknya menuntut sebagai berikut :1 Menyatakan Terdakwa ABDUL KHALIM ALS NARYO BIN JABUN bersalahmelakukan tindak pidana Pencurian Batu Ceper Kota Tangerang, atau setidaktidaknyadisalah satu tempat lain yang termasuk dalam daerah hukum Pengadilan NegeriTangerang, mengambil barang sesuatu, yang seluruhnya atau sebagian kepunyaan oranglain, dengan maksud untuk dimiliki secara melawan hukum, pencurian yang didahului,disertai atau diikuti dengan kekerasan atau ancaman kekerasan, terhadap orang denganmaksud untuk mempersiapkan atau mempermudah pencurian, atau dalam hal tertangkaptangan, untuk memungkinkan melarikan",case_020,Lain-lain,Lain-lain,"Pengadilan PN TANGERANG Pidana Umum Pencurian Putus : 15-05-2013 — Upload : 23-06-2014 Putusan PN TANGERANG Nomor 672 / PID.B / 2013 / PN.TNG Tanggal 15 Mei 2013 — ABDUL KHALIM Als. NARYO Bin JABUN 32 — 3 sejak tanggal 28Januari 2013 sampai dengan sekarang ;PENGADILAN NEGERI TERSEBUT ;Telah membaca berkas perkara atas nama Terdakwa tersebut ;Telah mendengar keterangan saksisaksi, dan keterangan Terdakwa ;Telah memeriksa/memperhatikan barang bukti dalam perkara tersebut ;Telah mendengar uraian tuntutan Penuntut Umum pada Kejaksaan NegeriTangerang atas diri Terdakwa, yang pada pokoknya menuntut sebagai berikut :1 Menyatakan Terdakwa ABDUL KHALIM ALS NARYO BIN JABUN bersalahmelakukan tindak pidana Pencurian Batu Ceper Kota Tangerang, atau setidaktidaknyadisalah satu tempat lain yang termasuk dalam daerah hukum Pengadilan NegeriTangerang, mengambil barang sesuatu, yang seluruhnya atau sebagian kepunyaan oranglain, dengan maksud untuk dimiliki secara melawan hukum, pencurian yang didahului,disertai atau diikuti dengan kekerasan atau ancaman kekerasan, terhadap orang denganmaksud untuk mempersiapkan atau mempermudah pencurian, atau dalam hal tertangkaptangan, untuk memungkinkan melarikan diri sendiri atau YOHANES LEO PATTINAMA(Alm) :e Bahwa saksi mengerti diperiksa dipersidangan ini sehubungan telah terjadinyatindak pidana pencurian ; Bahwa kejadiannya pada hari Senin tanggal 19 Desember 2011 sekira pukul08.30 Wib di Jalan Benteng Betawi Kelurahan Poris Gaga, KecamatanBatuceper, Kota Tangerang ;e Bahwa Terdakwa mencuri barang berupa (satu) buah tas gendong warnahitam berisi uang tunai sebesar Rp. 341.787.000, (tiga ratus empat puluh satujuta tujuh ratus delapan puluh tujuh ribu rupiah) dan berikut mempersiapkan ataumempermudah pencurian, atau dalam hal tertangkap tangan, untuk memungkinkanmelarikan diri sendiri atau peserta lainnya, atau untuk tetap menguasai barangyang dicuri, jika perbuatan dilakukan di jalan umum, atau jika perbuatan dilakukanoleh dua orang atau lebih dengan bersekutu ;Ad.1. Pencurian yang didahului, disertai atau diikuti dengan kekerasan atau ancamankekerasan, terhadap orang dengan maksud untuk mempersiapkan ataumempermudah pencurian, atau dalam hal tertangkap tangan, untuk memungkinkanmelarikan diri sendiri atau peserta lainnya, atau untuk tetap menguasai barangyang dicuri, jika perbuatan dilakukan di jalan umum, atau jika perbuatan dilakukanoleh dua orang atau lebih dengan bersekutu ;Menimbang, bahwa faktafakta yang terungkap dalam persidangan dariketerangan para",,case_020,"case_020, case_018, case_033, case_037, case_038","0.8744, 0.3464, 0.2744, 0.2585, 0.2533"
eval_002,"Pengadilan PN TANGERANG Pidana Umum Register : 21-03-2019 — Putus : 16-05-2019 — Upload : 22-05-2019 Putusan PN TANGERANG Nomor 586/Pid.B/2019/PN Tng Tanggal 16 Mei 2019 — Penuntut Umum: ANDRE SAUT SIMBOLON, SH Terdakwa: 1.SANWANI Alisa OLOT Bin JUHANI alm 2.JUMAN Bin ACIM 3.AYON KUNIAWAN Als AYON Bin SARIAN 59 — 53 AYON KURNIAWAN Als AYON Bin SARIAN, telah terbukti secara sah dan meyakinkan bersalah melakukan tindak pidana : ""Pencurian dalam keadaan memberatkan yang dilakukan secara bersama-sama; Menjatuhkan pidana kepada Terdakwa I. SANWANI Als OLOT Bin JUHANI, Terdakwa II. JUMAN Bin ACIN dan Terdakwa III. Saksi: HENRY JAYA KNEE,Bahwa benar Saksi kenal dengan Para Terdakwa karena Para Terdakwakaryawan saksi;;Bahwa Telah terjadi Tindak Pidana Pencurian pada hari Minggu tanggal30 Desember 2018 sekira pukul 02.00 Wib yang dilakukan oleh ParaTerdakwa pada Perternakan CV. Berlian Jaya Farm milik Saksi di Kp.Cirarab Kec. Legok Kab. tidak mengetahui kapan dan bagaimana cara ParaTerdakwa melakukan pencurian tersebut kejadian tersebut tanpasepengetahuan dan seizin dari Saksi;Bahwa akibat dari pencurian yang dilakukan para Terdakwa sehinggaSaksi mengalami kerugian sebesar Rp.7.800.000, (tu",case_017,Lain-lain,Lain-lain,"Pengadilan PN TANGERANG Pidana Umum Register : 21-03-2019 — Putus : 16-05-2019 — Upload : 22-05-2019 Putusan PN TANGERANG Nomor 586/Pid.B/2019/PN Tng Tanggal 16 Mei 2019 — Penuntut Umum: ANDRE SAUT SIMBOLON, SH Terdakwa: 1.SANWANI Alisa OLOT Bin JUHANI alm 2.JUMAN Bin ACIM 3.AYON KUNIAWAN Als AYON Bin SARIAN 59 — 53 AYON KURNIAWAN Als AYON Bin SARIAN, telah terbukti secara sah dan meyakinkan bersalah melakukan tindak pidana : ""Pencurian dalam keadaan memberatkan yang dilakukan secara bersama-sama; Menjatuhkan pidana kepada Terdakwa I. SANWANI Als OLOT Bin JUHANI, Terdakwa II. JUMAN Bin ACIN dan Terdakwa III. Saksi: HENRY JAYA KNEE,Bahwa benar Saksi kenal dengan Para Terdakwa karena Para Terdakwakaryawan saksi;;Bahwa Telah terjadi Tindak Pidana Pencurian pada hari Minggu tanggal30 Desember 2018 sekira pukul 02.00 Wib yang dilakukan oleh ParaTerdakwa pada Perternakan CV. Berlian Jaya Farm milik Saksi di Kp.Cirarab Kec. Legok Kab. tidak mengetahui kapan dan bagaimana cara ParaTerdakwa melakukan pencurian tersebut kejadian tersebut tanpasepengetahuan dan seizin dari Saksi;Bahwa akibat dari pencurian yang dilakukan para Terdakwa sehinggaSaksi mengalami kerugian sebesar Rp.7.800.000, (tujuh juta delapanratus ribu rupiah);Bahwa atas peristiwa tersebut untuk selanjutnya, Saksi melaporkan haltersebut kepihak yang berwajib untuk diproses lebih lanjut.Menimbang, bahwa atas keterangan saksi tersebut para Terdakwa telahmembenarkannya tersebut dari Saksi HENRY JAYAKWEE yang menemukan selisih ketika dilakukan audit;Bahwa Saksi tidak mengetahui kapan dan bagaimana cara ParaTerdakwa melakukan pencurian pakan ternak tersebut kejadian tersebuttanpa sepengetahuan dan seizin dari Saksi HENRY JAYA KWEEsehingga CV. Berlian Jaya Farm;Bahwa yang diruri oleh para Terdakwa yaitu 200 ekor ayam dan 4 karungpakan ayam;Bahwa ata kejadian pencurian tersebut mengalami kerugian sebesarRp.7.800.000, (tujuh juta delapan ratus ribu rupiah)Halctman 5 dari 16, PutusanNomor 586/Pid.B/2019/PN. Tangerang;Bahwa benar awalnya Saksi mengetahui hal tersebut dari Saksi HENRYJAYA KWEE yang menemukan selisih ketika dilakukan audit;Bahwa Saks tidak mengetahui kapan dan bagaimana cara Para Terdakwamelakukan pencurian tersebut kejadian tersebut tanpa sepengetahuandan seizin dari Saksi HENRY JAYA KNEE sehingga CV.",,case_017,"case_017, case_010, case_016, case_033, case_002","0.9297, 0.1242, 0.1215, 0.1204, 0.1171"
eval_003,"Pengadilan PN TANGERANG Pidana Umum Register : 04-06-2018 — Putus : 19-07-2018 — Upload : 28-11-2018 Putusan PN TANGERANG Nomor 1176/Pid.B/2018/PN Tng Tanggal 19 Juli 2018 — Penuntut Umum: HERU APRIANTO, SH Terdakwa: ISEP ISKANDAR Bin ISHAK 39 — 3 M E N G A D I L I : Menyatakan terdakwa ISEP ISKANDAR Bin ISHAK terbukti secara sah dan meyakinkan bersalah melakukan tindak pidana Percobaan Pencurian dalam keadaan memberatkan ; Menjatuhkan pidana terhadap terdakwa dengan pidana penjara selama 10 (sepuluh) bulan; Menetapkan masa penangkapan dan penahanan yang telah dijalani Terdakwa dikurangkan seluruhnya dari pidana yang dijatuhkan; Menetapkan Terdakwa Tangerang.Bahwa yang menjadi pelaku pencurian tersebut adalah ISEP ISKANDAR, danyang menjadi korbannya adalah Saksi sendiri.Bahwa 1 (Satu) Unit Sepeda Motor merk Honda Vario tahun 2013, warnaputih silver, Nopol : B 6586 CWG, Noka : MH1JFB113DK756965, Nosin :JFB1E1714364, an Sdr DONAASMARA.Bahwa terdakwa melakukan Tindak pidana Pencurian tersebut dengan caramengambil motor saksi yang sedang terparkir di depan warung makan yangberalamatkan di Kp. Sumur Bandung Ds.Sumur bandung Kec. Saksi FERDI PANGRINGGO bin SUDARLI. didepan persidangan di",case_016,Lain-lain,Lain-lain,"Pengadilan PN TANGERANG Pidana Umum Register : 04-06-2018 — Putus : 19-07-2018 — Upload : 28-11-2018 Putusan PN TANGERANG Nomor 1176/Pid.B/2018/PN Tng Tanggal 19 Juli 2018 — Penuntut Umum: HERU APRIANTO, SH Terdakwa: ISEP ISKANDAR Bin ISHAK 39 — 3 M E N G A D I L I : Menyatakan terdakwa ISEP ISKANDAR Bin ISHAK terbukti secara sah dan meyakinkan bersalah melakukan tindak pidana Percobaan Pencurian dalam keadaan memberatkan ; Menjatuhkan pidana terhadap terdakwa dengan pidana penjara selama 10 (sepuluh) bulan; Menetapkan masa penangkapan dan penahanan yang telah dijalani Terdakwa dikurangkan seluruhnya dari pidana yang dijatuhkan; Menetapkan Terdakwa Tangerang.Bahwa yang menjadi pelaku pencurian tersebut adalah ISEP ISKANDAR, danyang menjadi korbannya adalah Saksi sendiri.Bahwa 1 (Satu) Unit Sepeda Motor merk Honda Vario tahun 2013, warnaputih silver, Nopol : B 6586 CWG, Noka : MH1JFB113DK756965, Nosin :JFB1E1714364, an Sdr DONAASMARA.Bahwa terdakwa melakukan Tindak pidana Pencurian tersebut dengan caramengambil motor saksi yang sedang terparkir di depan warung makan yangberalamatkan di Kp. Sumur Bandung Ds.Sumur bandung Kec. Saksi FERDI PANGRINGGO bin SUDARLI. didepan persidangan dibawah sumpah Pada pokoknyamenerangkan sebagai berikut:Bahwa kejadian Pencurian tersebut terjadi pada hari Jumat tanggal 30 Maret 2018 sekiranya jam 17.00Wib di warung makan yang beralamatkan di Kp. Sumur Bandung Ds. Sumur bandung Kec. Jayanti Kab.Tangerang.Bahwa yang menjadi pelaku pencurian tersebut adalah ISEP ISKANDAR, dan yang menjadi korbannyaadalah Saksi sendiri.Bahwa 1 (Satu) Unit Sepeda Motor merk Honda Vario tahun 2013, warna putih silver, Nopol : B 6586CWG, Noka : MH1JFB113DK756965, Nosin : JFB1E1714364, an Sdr DONA ASMARA.Bahwa terdakwa melakukan Tindak pidana Pencurian tersebut dengan cara mengambil motor saksiyang sedang terparkir di depan warung makan yang beralamatkan di Kp. Sumur Bandung Ds. Sumurbandung Kec. Bahwa total kerugian yang dialami oleh saksi akibat dari pencurian tersebut adalah sebesar Rp.10.500.000 (sepuluh juta lima rafus ribu rupiah).Atas keterangan saksi tersebut, terdakwa tidak keberatan dan membenarkaimya2. Bahwa sebelumnya saksi tidak tahu nama pelaku yang telah melakukan pencurian sepeda motor tersebut,akan tertapi setelah saksi menanyakan kepada pelaku, bahwa pelaku pencurian sepeda motor tersebutbernama : ISEP ISKANDAR, umur : 38 Th, alamat : Ds Bungku Rt 03/05 Ds Bungku, Kec, WargaSekampung, Kab, Lampung Timur, dan yang menjadi korban adalah sdr ferdi pangringggo UMUR : 26Th, alamat: Perum Bukit Gading balaraja Blok A4 No 10, Ds Ciapus, Kec, Balaraja, Kab Tangerang.",,case_016,"case_016, case_007, case_015, case_008, case_032","0.9202, 0.1379, 0.1324, 0.13, 0.1281"
eval_004,"Pengadilan PN TANGERANG Pidana Umum Register : 06-10-2022 — Putus : 30-11-2022 — Upload : 30-11-2022 Putusan PN TANGERANG Nomor 1649/Pid.B/2022/PN Tng Tanggal 30 Nopember 2022 — Penuntut Umum: DEDI SEPTIANTO, SH Terdakwa: 1.JANAAN Bin JAMAIN Alm 2.TEJA FEBRIYANTO Bin DULHADI Alm 56 — 8 MENGADILI: Menyatakan Terdakwa JANAAN Bin JAMAIN (Alm) dan terdakwa TEJA FEBRIYANTO Bin DULHADI (Alm) tersebut telah terbukti secara sah dan meyakinkan bersalah melakukan tindak pidana Pencurian dalam keadaan memberatkan ; Menjatuhkan pidana terhadap Para Terdakwa tersebut oleh karena itu dengan pidana penjara masing-masing selama 1 (satu) tahun dan 6 (enam) bulan; Menetapkan masa penangkapan dan penahanan yang telah dijalani",case_027,Lain-lain,Lain-lain,"Pengadilan PN TANGERANG Pidana Umum Register : 06-10-2022 — Putus : 30-11-2022 — Upload : 30-11-2022 Putusan PN TANGERANG Nomor 1649/Pid.B/2022/PN Tng Tanggal 30 Nopember 2022 — Penuntut Umum: DEDI SEPTIANTO, SH Terdakwa: 1.JANAAN Bin JAMAIN Alm 2.TEJA FEBRIYANTO Bin DULHADI Alm 56 — 8 MENGADILI: Menyatakan Terdakwa JANAAN Bin JAMAIN (Alm) dan terdakwa TEJA FEBRIYANTO Bin DULHADI (Alm) tersebut telah terbukti secara sah dan meyakinkan bersalah melakukan tindak pidana Pencurian dalam keadaan memberatkan ; Menjatuhkan pidana terhadap Para Terdakwa tersebut oleh karena itu dengan pidana penjara masing-masing selama 1 (satu) tahun dan 6 (enam) bulan; Menetapkan masa penangkapan dan penahanan yang telah dijalani",,case_027,"case_027, case_031, case_015, case_039, case_026","0.9831, 0.3037, 0.253, 0.2258, 0.2195"
eval_005,"Pengadilan PN TANGERANG Pidana Umum Pencurian Putus : 08-05-2012 — Upload : 22-02-2015 Putusan PN TANGERANG Nomor 678/ PID.B/ 2011/ PN TNG Tanggal 8 Mei 2012 — MOHAMAD HERI Als HERI Bin SAMIR 35 — 10 /2011/PN.TNG. tentang penetapan hari sidang perkara ini ;Telah membaca semua suratsurat dalam perkara yang bersangkutan ;Telah mendengar pembacaan Surat Dakwaan Penuntut Umum di mukapersidangan ;Telah mendengar keterangan saksisaksi dan Terdakwa di persidangan ;Telah mendengar pembacaan tuntutan pidana Penuntut Umum pada KejaksaanNegeri Tigaraksa, yang disampaikan di persidangan pada hari Kamis tanggal 16 Juni2011, yang berkesimpulan bahwa Terdakwa telah terbukti bersalah melakukan tindakpidana pencurian Menyatakan terdakwa MOHAMAD HERI Als HERI Bin SAMIR telah terbukti secarasah dan meyakinkan melakukan Tindal< Pidana ""Pencurian"" sebagaimana diatur clandiancam Pidana dalam Pasal 362 KUHP dalam dakwaan kami ;1 Menjatuhkan pidana terhadap terdakwa MOHAMAD HERI Als HERI Bin SAMIRdengan pidana penjara selama 8 (delapan) bulan Penjara dikurangi selama terdakwaberada dalam tahanan sementara dengan perintah agar terdakwa tetap ditahan ;2 Menyatakan Barang bukti berupa:e 1 (satu) potong celan",case_005,Lain-lain,Lain-lain,"Pengadilan PN TANGERANG Pidana Umum Pencurian Putus : 08-05-2012 — Upload : 22-02-2015 Putusan PN TANGERANG Nomor 678/ PID.B/ 2011/ PN TNG Tanggal 8 Mei 2012 — MOHAMAD HERI Als HERI Bin SAMIR 35 — 10 /2011/PN.TNG. tentang penetapan hari sidang perkara ini ;Telah membaca semua suratsurat dalam perkara yang bersangkutan ;Telah mendengar pembacaan Surat Dakwaan Penuntut Umum di mukapersidangan ;Telah mendengar keterangan saksisaksi dan Terdakwa di persidangan ;Telah mendengar pembacaan tuntutan pidana Penuntut Umum pada KejaksaanNegeri Tigaraksa, yang disampaikan di persidangan pada hari Kamis tanggal 16 Juni2011, yang berkesimpulan bahwa Terdakwa telah terbukti bersalah melakukan tindakpidana pencurian Menyatakan terdakwa MOHAMAD HERI Als HERI Bin SAMIR telah terbukti secarasah dan meyakinkan melakukan Tindal< Pidana ""Pencurian"" sebagaimana diatur clandiancam Pidana dalam Pasal 362 KUHP dalam dakwaan kami ;1 Menjatuhkan pidana terhadap terdakwa MOHAMAD HERI Als HERI Bin SAMIRdengan pidana penjara selama 8 (delapan) bulan Penjara dikurangi selama terdakwaberada dalam tahanan sementara dengan perintah agar terdakwa tetap ditahan ;2 Menyatakan Barang bukti berupa:e 1 (satu) potong celana kolor warna Tangerang telah bekerja ditoko tersebut selama 15 (lima betas) tahun ;Bahwa pada hari Sabtu tanggal 22 Oktoher 2011 sekitar pukul 13.00 WI diToko Alan ternpat saksi SUWITA bekerja telah terjadi pencurian bent pa 2(dua) bat rokok Djisemsoe yang tclob dipesan oleh Sdr. SUWITA bersama Saksi AFAN dan koryawan toko Alanlainnya melihat hesil rekarnan CCTV toko Afan clan diketahui dari nisirekamen CCTV tersebut hi hwe pefeku pencurian yang telah mengambil 2(dua) bal rokok Djisamsoe yang telah dipesan oleh Sdr. DONO adalahterdakwa MOHAMAD HERI Als. HERI Bin SAMIR ;e Bahwa pada saat Sdr. DONO datang ke toko Alan dan memesan rokoktersebut saksi SU WIT A tidek mengetahuinve den a pa ka h Sdr. DON 0detang horse ma terdakwa MOHAMAD HERI Als. Tangerang den telah bekerja ditoko tersebut selama 5 (lima) tahun ;Bahwa pada hari Sabtu tanggal 22 Oktober 2011 sekitar pukul 3.00 di TokoAfan tempat saksi ERNAWATI bekerja telah terjadi pencurian berupa 2 (due)bal rokok Djisarnsoe yang tela.h. dipesan oleh Sdr. DONO, yang pelakunya saksiERNAWATI ketahui dari rekeman CCTV toko Alan adalah terdakwa MC)II AMA'DII,RI Als. Bin.",,case_005,"case_005, case_003, case_033, case_037, case_006","0.8864, 0.1861, 0.1572, 0.1555, 0.146"
eval_006,"Pengadilan PN TANGERANG Pidana Umum Register : 16-12-2021 — Putus : 09-02-2022 — Upload : 10-02-2022 Putusan PN TANGERANG Nomor 2013/Pid.B/2021/PN Tng Tanggal 9 Februari 2022 — Penuntut Umum: DINA NATALIA, SH Terdakwa: NICKY KRISTIAWAN ALS SENGSENG AD. PING CUAN 63 — 12 MENGADILI: Menyatakan Terdakwa NICKY KRISTIAWAN Als SENGSENG A.d PING CUAN bersalah melakukan tindak pidana Pencurian Dalam keadaan memberatkan.",case_013,Lain-lain,Lain-lain,"Pengadilan PN TANGERANG Pidana Umum Register : 16-12-2021 — Putus : 09-02-2022 — Upload : 10-02-2022 Putusan PN TANGERANG Nomor 2013/Pid.B/2021/PN Tng Tanggal 9 Februari 2022 — Penuntut Umum: DINA NATALIA, SH Terdakwa: NICKY KRISTIAWAN ALS SENGSENG AD. PING CUAN 63 — 12 MENGADILI: Menyatakan Terdakwa NICKY KRISTIAWAN Als SENGSENG A.d PING CUAN bersalah melakukan tindak pidana Pencurian Dalam keadaan memberatkan.",,case_013,"case_013, case_011, case_023, case_015, case_012","0.9822, 0.146, 0.1456, 0.1438, 0.1399"
eval_007,"Pengadilan PN TANGERANG Pidana Umum Pencurian Putus : 22-08-2011 — Upload : 14-11-2016 Putusan PN TANGERANG Nomor 1339/ PID.B/ 2011/ PN.TNG. Tanggal 22 Agustus 2011 — JUNEDI Als ICON Bin ASIP 75 — 3 berikut ;PRIMAIRBahwa terdakwa JONEDI Als ION Bin ASIP bersamasama dengan sdr.IPAN Als ENDI (DPO) pada hari Jumat Tanggal 03 Juni 2011 sekiraPukul 11:30 Wib atau setidaktidaknya pada waktu lain pada BulanJunii 2011 atau setidaktidaknya pada waktu lain pada Tahun 2011,bertempat di jalan Siswa Keluarahan Sukaasih Kecamatan TangerangKota Tangerang atau setidak tidaknya disuatu tempat lain yang masihtermasuk dalam daerah hukum Pengadilan Negeri Tangerang yangberwenang memeriksa dan mengadili perkaranya, pencurian (barangsiapa mengambil barang sesuatu, yang seluruhnya atau sebagian milikorang lain, dengan maksud untuk dimiliki secara melawan hukum) yangdidahului, disertai atau diikuti dengan kekerasan atau ancamankekerasan, terhadap orang dengan maksud untuk mempersiapkan ataumempermudah pencurian, atau dalam hal tertangkap tangan, untukmemungkinkan melarikan diri sendiri atau peserta lainnya, atau untuktetap menguasai barang yang dicuri, dilakukan oleh dua orang ataulebih dengan bersekutu, ",case_038,Lain-lain,Lain-lain,"Pengadilan PN TANGERANG Pidana Umum Pencurian Putus : 22-08-2011 — Upload : 14-11-2016 Putusan PN TANGERANG Nomor 1339/ PID.B/ 2011/ PN.TNG. Tanggal 22 Agustus 2011 — JUNEDI Als ICON Bin ASIP 75 — 3 berikut ;PRIMAIRBahwa terdakwa JONEDI Als ION Bin ASIP bersamasama dengan sdr.IPAN Als ENDI (DPO) pada hari Jumat Tanggal 03 Juni 2011 sekiraPukul 11:30 Wib atau setidaktidaknya pada waktu lain pada BulanJunii 2011 atau setidaktidaknya pada waktu lain pada Tahun 2011,bertempat di jalan Siswa Keluarahan Sukaasih Kecamatan TangerangKota Tangerang atau setidak tidaknya disuatu tempat lain yang masihtermasuk dalam daerah hukum Pengadilan Negeri Tangerang yangberwenang memeriksa dan mengadili perkaranya, pencurian (barangsiapa mengambil barang sesuatu, yang seluruhnya atau sebagian milikorang lain, dengan maksud untuk dimiliki secara melawan hukum) yangdidahului, disertai atau diikuti dengan kekerasan atau ancamankekerasan, terhadap orang dengan maksud untuk mempersiapkan ataumempermudah pencurian, atau dalam hal tertangkap tangan, untukmemungkinkan melarikan diri sendiri atau peserta lainnya, atau untuktetap menguasai barang yang dicuri, dilakukan oleh dua orang ataulebih dengan bersekutu, perbuatan tersebut KUHP.SUBSIDAIR :Bahwa terdakwa JONEDI Als ION Bin ASIP bersamasama dengan sdr.IPAN Als ENDI (DPO) pada hari Jumat Tanggal 03 Juni 2011 sekiraPukul 11:30 Wib atau setidaktidaknya pada waktu lain pada BulanJunii 2011 atau setidaktidaknya pada waktu lain pada Tahun 2011,bertempat di jalan Siswa Kelurahan Sukaasih Kecamatan TangerangKota Tangerang atau setidak tidaknya disuatu tempat lain yang masihtermasuk dalam daerah hukum Pengadilan Negeri Tangerang yangberwenang memeriksa dan mengadili perkaranya, pencurian Menyatakan Terdakwa JUNEDI Als ICON Bin ASIP terbuktisecara sah dan meyakinkan bersalah melakukan tindak pidana Pencurian dalam keadaan memberatkan 2. Menjatuhkan pidana kepada Terdakwa JUNEDI Als ICON Bin ASIPdengan pidana penjara masingmasing selama 6 (enam) bulankurangi selama terdakwa dalam tahanan dengan perintah agarpara terdakwa tetap ditahan ;3. Menetapkan barang bukti berupa:e Uang sejumlah Rp. 6.020.000. Didahului, disertai atau diikuti dengan kekerasan atauancaman kekerasan terhadap orang dengan maksud akanmenyiapkan atau memudahkan pencurian itu atau jikatertangkap tangan untuk memungkinkan melarikan dirisendiri atau peserta lainnya atau untuk tetap menguasaibarang yang dicuri ;6. Dilakukan oleh dua orang atau lebih dengan bersama sama ;Menimbang bahwa untuk menyatakan terbuktinya suatu dakwaanmaka haruslah terpenuhi semua unsurunsur pasal yang didakwaantersebut ;ad.1.",,case_038,"case_038, case_020, case_018, case_002, case_003","0.9542, 0.3592, 0.283, 0.2043, 0.1336"
eval_008,"Pengadilan PN TANGERANG Pidana Umum Pencurian Register : 30-11-2021 — Putus : 19-01-2022 — Upload : 24-01-2022 Putusan PN TANGERANG Nomor 1905/Pid.B/2021/PN Tng Tanggal 19 Januari 2022 — Penuntut Umum: AYOE NOERHAYATI Terdakwa: AHMAD RAMADAN alias PENDEK bin ROSIDI 43 — 14 Menyatakan terdakwa AHMAD RAMADAN alias PENDEK bin ROSIDI, tersebut diatas, terbukti secara sah dan meyakinkan bersalah melakukan tindak pidana Pencurian dengan pemberatan Menjatuhkan pidana kepada Terdakwa oleh karena itu dengan pidana penjara selama 2 (dua) tahun dan 6 (enam) bulan; Menetapkan masa penangkapan dan penahanan yang telah dijalani Terdakwa dikurangkan seluruhnya dari pidana yang dijatuhkan; Menetapkan Terdakwa tetap ditahan;",case_028,Lain-lain,Lain-lain,"Pengadilan PN TANGERANG Pidana Umum Pencurian Register : 30-11-2021 — Putus : 19-01-2022 — Upload : 24-01-2022 Putusan PN TANGERANG Nomor 1905/Pid.B/2021/PN Tng Tanggal 19 Januari 2022 — Penuntut Umum: AYOE NOERHAYATI Terdakwa: AHMAD RAMADAN alias PENDEK bin ROSIDI 43 — 14 Menyatakan terdakwa AHMAD RAMADAN alias PENDEK bin ROSIDI, tersebut diatas, terbukti secara sah dan meyakinkan bersalah melakukan tindak pidana Pencurian dengan pemberatan Menjatuhkan pidana kepada Terdakwa oleh karena itu dengan pidana penjara selama 2 (dua) tahun dan 6 (enam) bulan; Menetapkan masa penangkapan dan penahanan yang telah dijalani Terdakwa dikurangkan seluruhnya dari pidana yang dijatuhkan; Menetapkan Terdakwa tetap ditahan;",,case_028,"case_028, case_023, case_015, case_026, case_032","0.982, 0.2588, 0.2576, 0.246, 0.2249"
eval_009,"Pengadilan PN TANGERANG Pidana Umum Kejahatan terhadap keamanan negara Putus : 21-04-2010 — Upload : 16-07-2012 Putusan PN TANGERANG Nomor 441/Pid.B/2010/PN.TNG Tanggal 21 April 2010 — 1.ISMIT ABDULLAH Bin BUYUNG 2.RAHMAT SYARIF Bin AMIR 42 — 1 Menyatakan Terdakwa I ISMIT ABDULLAH Bin BUYUNG dan Terdakwa IIRAHMAT SYARIF Bin AMIR Telah terbukti secara sah dan meyakinkanbersalah melakukan tindak pidana Pencurian Dalam KeadaanMemberatkan ; 2. Menjatuhkan pidana terhadap terdakwa I ISMIT ABDULLAH Bin BUYUNGdan Terdakwa II RAHMAT SYARIF Bin AMIR tersebut, dengan pidanapenjara selama 7 (tujuh) bulan; 3. Menetapkan masa penahanan yang telah dijalani dikurangkan seluruhnyadari Pidana yang di jatuhkan ; 4.",case_040,Lain-lain,Lain-lain,"Pengadilan PN TANGERANG Pidana Umum Kejahatan terhadap keamanan negara Putus : 21-04-2010 — Upload : 16-07-2012 Putusan PN TANGERANG Nomor 441/Pid.B/2010/PN.TNG Tanggal 21 April 2010 — 1.ISMIT ABDULLAH Bin BUYUNG 2.RAHMAT SYARIF Bin AMIR 42 — 1 Menyatakan Terdakwa I ISMIT ABDULLAH Bin BUYUNG dan Terdakwa IIRAHMAT SYARIF Bin AMIR Telah terbukti secara sah dan meyakinkanbersalah melakukan tindak pidana Pencurian Dalam KeadaanMemberatkan ; 2. Menjatuhkan pidana terhadap terdakwa I ISMIT ABDULLAH Bin BUYUNGdan Terdakwa II RAHMAT SYARIF Bin AMIR tersebut, dengan pidanapenjara selama 7 (tujuh) bulan; 3. Menetapkan masa penahanan yang telah dijalani dikurangkan seluruhnyadari Pidana yang di jatuhkan ; 4.",,case_040,"case_040, case_001, case_003, case_025, case_036","0.99, 0.1791, 0.1224, 0.1138, 0.0923"
eval_010,"Pengadilan PN TANGERANG Pidana Umum Pencurian Putus : 15-06-2017 — Upload : 27-12-2017 Putusan PN TANGERANG Nomor 834 / Pid.B / 2017 / PN.TNG. Tanggal 15 Juni 2017 — DEDY KUMALA BIN SAHLAN 60 — 4 Menyatakan Terdakwa DEDY KUMALA BIN SAHLAN bersalah secara syahdan meyakinkan melakukan tindak pidana Pencurian sebagaimana dalamdakwaan Pasal 362 KUHP ;2. Menjatuhkan pidana penjara kepada Terdakwa DEDY KUMALA BINSAHLAN selama 1 (satu) tahun dan 6 (enam) bulan dikurangi masapenahanan yang telah dijalankan Terdakwa dengan perintah agar terdakwatetap ditahan ;.3. Menyatakan barang bukti berupa : 1 (satu) lembar STNK sepeda motor merk Yamaha Jupiter MX No. Pol B6427NWP ; Bahwa benar yang mengambil sepeda motor saksi adalah Terdakwa ; Bahwa sebelum kejadian pencurian, sepeda motor milik saksi diparkir didepan rumah ; Bahwa saksi tahu, ada pencurian setelah sepeda motor saksi jatuh danterdakwa kabur dan akhirnya tertangkap ;2. SALIMparkir sepeda motor dipinggir jalan depan rumahnya dalam keadaan terkuncisetang serta menggunakan kunci pengaman tambahan lain berupa gembokyang dipasang apa piringan cakram depan, tetapi untuk kunci kontak sepedamotor tersebut masih tergantung tertinggal di lubang ",case_007,Lain-lain,Lain-lain,"Pengadilan PN TANGERANG Pidana Umum Pencurian Putus : 15-06-2017 — Upload : 27-12-2017 Putusan PN TANGERANG Nomor 834 / Pid.B / 2017 / PN.TNG. Tanggal 15 Juni 2017 — DEDY KUMALA BIN SAHLAN 60 — 4 Menyatakan Terdakwa DEDY KUMALA BIN SAHLAN bersalah secara syahdan meyakinkan melakukan tindak pidana Pencurian sebagaimana dalamdakwaan Pasal 362 KUHP ;2. Menjatuhkan pidana penjara kepada Terdakwa DEDY KUMALA BINSAHLAN selama 1 (satu) tahun dan 6 (enam) bulan dikurangi masapenahanan yang telah dijalankan Terdakwa dengan perintah agar terdakwatetap ditahan ;.3. Menyatakan barang bukti berupa : 1 (satu) lembar STNK sepeda motor merk Yamaha Jupiter MX No. Pol B6427NWP ; Bahwa benar yang mengambil sepeda motor saksi adalah Terdakwa ; Bahwa sebelum kejadian pencurian, sepeda motor milik saksi diparkir didepan rumah ; Bahwa saksi tahu, ada pencurian setelah sepeda motor saksi jatuh danterdakwa kabur dan akhirnya tertangkap ;2. SALIMparkir sepeda motor dipinggir jalan depan rumahnya dalam keadaan terkuncisetang serta menggunakan kunci pengaman tambahan lain berupa gembokyang dipasang apa piringan cakram depan, tetapi untuk kunci kontak sepedamotor tersebut masih tergantung tertinggal di lubang kunci jok sepeda motorsehingga terdakwa melakukan pencurian sepeda motor milik saksiHERIANSYAH Bin (Alm) H. Dengan demikian unsure ke5 telah terpenuhi ;Menimbang, bahwa berdasarkan faktafakta yang terungkap dalampersidangan, maka seluruh unsurunsur Pasal 362 KUHP telah terpenuhi, makaoleh karenanya Terdakwa telah terbukti secara sah dan meyakinkan bersalahmelakukan tindak pidana Pencurian, untuk itu. Menyatakan Terdakwa : DEDI KUMALA Bin SAHLAN telah terbukti secarasah dan menyakinkan bersalah melakukan tindak pidana PENCURIAN ;2. Menjatuhkan pidana terhadap Terdakwa DEDI KUMALA Bin SAHLAN,dengan pidana penjara selama : 1 (Satu) tahun dan 3 (tiga) bulan ;3.",,case_007,"case_007, case_016, case_008, case_037, case_030","0.9521, 0.1623, 0.1401, 0.1386, 0.1188"
